<?xml version="1.0" encoding="UTF-8"?><?xml-stylesheet type='text/xsl' href='_UpgradeReport_Files/UpgradeReport.xslt'?><UpgradeLog>
<Properties><Property Name="Solution" Value="ICode2">
</Property><Property Name="解决方案文件" Value="F:\WORKING\Cur-Working\ICODE2\ICode2\ICode2.sln">
</Property><Property Name="Date" Value="2011年12月19日 星期一">
</Property><Property Name="Time" Value="9:44">
</Property></Properties><Event ErrorLevel="0" Project="ICode2" Source="ICode2\ICode2.csproj" Description="项目已成功转换">
</Event><Event ErrorLevel="3" Project="ICode2" Source="ICode2\ICode2.csproj" Description="Converted">
</Event><Event ErrorLevel="0" Project="" Source="ICode2.sln" Description="成功转换解决方案">
</Event><Event ErrorLevel="3" Project="" Source="ICode2.sln" Description="Converted">
</Event><Event ErrorLevel="0" Project="ICode2" Source="ICode2\ICode2.csproj" Description="扫描完成: 项目文件不需要升级。">
</Event></UpgradeLog>